Designator,Val,Package,Mid X,Mid Y,Rotation,Layer
J3,Conn_01x03_Female,PinHeader_1x03_P2.54mm_Vertical,-1.54,23.88,-90,bottom
J8,AFC01-S24FCC-00,FPC-SMD_P0.5-24P_FGS-XJ-H2.0,1,-0.02,0,bottom
C1,10u_0402_CL05A105KA5NQNC,C_0402_1005Metric,3.3,-15,180,top
C2,10uF,C_0402_1005Metric,-3.8,-1.92,-90,top
C4,0.1uF,C_0402_1005Metric,-5.78,3.18,0,top
C5,22uF,C_0603_1608Metric,4.7,20.58,0,top
C6,100uF,C_1206_3216Metric,-22.6,-14.895,-90,top
C7,100uF,C_1206_3216Metric,-17.8,-14.895,-90,top
C8,2.2uF,C_0603_1608Metric,17.355,20.28,0,top
C9,100uF,C_1206_3216Metric,-20.2,-14.895,-90,top
C10,10uF,C_0402_1005Metric,-20.84,-10.75,90,top
C11,470nF,C_0402_1005Metric,1.1,21.18,180,top
C12,100uF,C_1206_3216Metric,-15.4,-14.77,-90,top
C13,22uF,C_0603_1608Metric,7.4,17.055,90,top
C14,470nF,C_0402_1005Metric,-10.034375,15.683125,-90,top
C15,470nF,C_0402_1005Metric,-17.396875,11.245625,90,top
C16,470nF,C_0402_1005Metric,-12.634375,9.583125,0,top
C17,100uF,C_1206_3216Metric,-13,-14.77,-90,top
C18,2.2uF,C_0603_1608Metric,17.355,18.68,0,top
C19,0.1uF,C_0402_1005Metric,-19.18,17.98,0,top
C21,10u_0402_CL05A105KA5NQNC,C_0402_1005Metric,-5.58,-8.7,0,top
C22,10uF,C_0402_1005Metric,7.58,22.98,180,top
C23,10u_0402_CL05A105KA5NQNC,C_0402_1005Metric,17.39,13.32,90,top
C24,10uF,C_0402_1005Metric,-17.1,-8.02,0,top
C26,10uF,C_0402_1005Metric,-1.685982,3.46,-90,top
C27,10uF,C_0402_1005Metric,4.51,-9.67,0,top
C29,0.1uF,C_0402_1005Metric,4.53,-8.57,0,top
C33,10uF,C_0402_1005Metric,-6.085982,7.488707,90,top
C34,0.1uF,C_0402_1005Metric,-5.085982,7.488707,90,top
C35,10uF,C_0402_1005Metric,-6.244025,1.768454,90,top
C36,0.1uF,C_0402_1005Metric,-5.244025,1.768454,90,top
C41,22uF,C_0603_1608Metric,-10.549843,-8.72,-90,top
C42,27pF,C_0603_1608Metric,2.3375,17.105,90,top
C43,470nF,C_0402_1005Metric,-5.4125,21.7475,90,top
C44,470nF,C_0402_1005Metric,-2.5125,16.5975,0,top
C45,470nF,C_0402_1005Metric,-2.6125,18.0975,-90,top
C46,2.2uF,C_0603_1608Metric,-6.6625,22.3175,90,top
C47,470nF,C_0402_1005Metric,-8.2,17.58,-90,top
C48,22p_0402_0402CG220J500NT,C_0402_1005Metric,0.4,4.28,90,top
C51,22uF,C_0603_1608Metric,-9.03,-8.72,-90,top
C53,10u_0402_CL05A105KA5NQNC,C_0402_1005Metric,0.754734,-1.910024,-90,top
C54,10u_0402_CL05A105KA5NQNC,C_0402_1005Metric,0.68,2.78,180,top
C56,10u_0402_CL05A105KA5NQNC,C_0402_1005Metric,-1.245266,-1.910024,90,top
C57,10u_0402_CL05A105KA5NQNC,C_0402_1005Metric,-0.245266,-1.890024,90,top
D1,SOD-523_BSD5C051L,D_SOD-523,3.5,-16.32,180,top
D2,SOD-523_BSD5C051L,D_SOD-523,15.605025,-10.905025,-45,top
D3,SOD-523_BSD5C051L,D_SOD-523,17.494975,-12.794975,135,top
D4,SOD-523_BSD5C051L,D_SOD-523,-6,-14.3,0,top
D5,SOD-523_BSD5C051L,D_SOD-523,16.92,-16.08,180,top
D6,SOD-523_BSD5C051L,D_SOD-523,-6,-15.8,0,top
D7,ESD9L3.3ST5G,SOD-923_L0.8-W0.6-LS1.0-RD,-19.01,14.79,0,top
FB1,Ferrite_Bead,L_0805_2012Metric,6.9375,24.38,180,top
J1,1984617,PHOENIX_1984617,-15.55,-24.43,0,top
J4,Conn_01x06_Pin,PinHeader_1x06_P2.54mm_Vertical,23.71,8.37,0,top
J10,TF PUSH,TF-SMD_TF-PUSH,-13.3,0.98,-90,top
L2,L,IND-SMD_L3.0-W3.0_FNR30XXS,-13.76,-9.85,180,top
R1,0.5R,R_0603_1608Metric,-11,-14.145,90,top
R3,10K,R_0402_1005Metric,-19.2,15.88,180,top
R5,10K,R_0402_1005Metric,-0.5,7.07,-90,top
R10,5.1K,R_0402_1005Metric,-19.21,16.98,0,top
R11,5.1K,R_0402_1005Metric,6.8001,-16.8,0,top
R12,4K7,R_0603_1608Metric,1.6375,19.88,180,top
R13,5.1K,R_0402_1005Metric,14.03,-16.22,180,top
R14,5.1K,R_0402_1005Metric,0.72,-16.12,-90,top
R15,5.1K,R_0402_1005Metric,-3.35,-16.73,0,top
R16,10K,R_0402_1005Metric,15.01,12.08,180,top
R17,10K,R_0402_1005Metric,13.01,12.08,0,top
R18,10K,R_0402_1005Metric,11.09,12.08,0,top
R22,620K,R_0603_1608Metric,0.7875,17.105,90,top
R24,10K,R_0402_1005Metric,7.2,-9.27708,90,top
R25,10K,R_0402_1005Metric,8.2,-9.27708,90,top
R26,10K,R_0402_1005Metric,18.5,13.32,-90,top
R27,4K7,R_0603_1608Metric,-0.7625,17.1175,-90,top
R29,1K,R_0603_1608Metric,-5.4,-11.3,90,top
R32,130K,R_0603_1608Metric,-2.3625,20.5925,-90,top
R33,130K,R_0603_1608Metric,-4.1125,22.3175,90,top
R34,75,R_0402_1005Metric,-9.59,14.18,0,top
R35,4K7,R_0603_1608Metric,-18.634375,11.305,90,top
SW1,TS36CA-0.7,SW-SMD_TS36CA,-21.8,13.07,-90,top
SW3,TS-1088-AR02016,SW-SMD_L3.9-W3.0-P4.45,-13.5,23.68,180,top
SW6,TS-1088-AR02016,SW-SMD_L3.9-W3.0-P4.45,-13.5,20.08,0,top
SW7,TS-1088-AR02016,SW-SMD_L3.9-W3.0-P4.45,22.1,13.48,0,top
SW8,TS-1088-AR02016,SW-SMD_L3.9-W3.0-P4.45,22.1,16.88,0,top
U2,CH340X,MSOP-10_3x3mm_P0.5mm,-2.8,-10.7875,90,top
U4,LMP7731MF,SOT-23-5_L3.0-W1.7-P0.95-LS2.8-BL,4.8875,17.6675,0,top
U5,B0505S-1W_C512032,PWRM-TH_BXXXXS-1W,14.6725,19.38,90,top
U9,AP63203WU,TSOT-23-6,-18.2625,-10.27,0,top
U12,MAX9814,DFN-14-1EP_3x3mm_P0.4mm_EP1.78x2.35mm,-5.2125,18.9475,0,top
U13,STM32F301K8Ux,QFN-32-1EP_5x5mm_P0.5mm_EP3.45x3.45mm,-13.734375,13.345625,90,top
U14,ESP32-S3-WROOM-1U-N8R8,XCVR_ESP32-S3-WROOM-1U-N8R8,11.5,1.78,90,top
U15,XC6206P282MR-G,SOT-23_TOR,-2.6,0.28,180,top
U16,XC6206P122MR-G,SOT-23_TOR,-2.785982,5.768707,180,top
USB1,TYPE-C 16PIN 2MD(073),USB-C-SMD_TYPE-C-6PIN-2MD-073,-1.02,-20.54,0,top
USB2,TYPE-C 16PIN 2MD(073),USB-C-SMD_TYPE-C-6PIN-2MD-073,10.8801,-20.54,0,top
